date,description,kind,lat,lng
2015-01-01,,c,40.826517752,-73.818414435
2015-01-01,,c,40.816465657,-73.907807308
2015-01-01,"1 motorist, Traffic Control Disregarded",v,40.8392461,-73.8700947
2015-01-02,,c,40.730261069,-73.814148568
2015-01-02,,c,40.78556509,-73.946142079
2015-01-03,,c,40.677010916,-73.898651772
2015-01-03,1 pedestrian,v,40.7641063,-73.9668140
2015-01-04,1 pedestrian,v,40.8847353,-73.8404411
2015-01-04,,c,40.753631686,-73.964579225
2015-01-04,,c,40.588491921,-73.991868066
2015-01-05,"1 pedestrian, Driver Inattention/Distraction",v,40.6413948,-73.9890784
2015-01-05,"1 motorist, Driver Inattention/Distraction",v,40.6361331,-73.9727361
2015-01-06,,c,40.664505097,-73.811130945
2015-01-06,,c,40.627427439,-73.92099432
2015-01-06,Worker died after being caught in rotating drive shaft of concrete pump truck. - ,w,40.69192,-73.797893
2015-01-08,,c,40.670380374,-73.799020002
2015-01-08,,c,40.674986972,-73.945849231
2015-01-09,"1 pedestrian, Pavement Slippery",v,40.7563818,-73.9643237
2015-01-09,Worker fatally crushed between basement and elevator. - ,w,40.7494692,-73.9492084
2015-01-09,"1 motorist, Traffic Control Disregarded",v,40.8246558,-73.8919289
2015-01-10,,c,40.635529133,-74.091365534
2015-01-10,,c,40.609776567,-73.750613393
2015-01-11,,c,40.633217286,-73.92258713
2015-01-12,,c,40.639483032,-73.945449264
2015-01-12,,c,40.772776849,-73.925508182
2015-01-12,,c,40.815180724,-73.903950729
2015-01-13,,c,40.757702098,-74.000586201
2015-01-14,"1 motorist, Traffic Control Disregarded",v,40.5817949,-73.8492866
2015-01-16,1 pedestrian,v,40.7293445,-73.7453550
2015-01-16,,c,40.855589815,-73.902377735
2015-01-17,"1 cyclist, Driver Inattention/Distraction, Passenger Distraction",v,40.7564741,-73.9472651
2015-01-17,,c,40.766905006,-73.963731019
2015-01-18,,c,40.591381869,-73.810005541
2015-01-19,1 pedestrian,v,40.7888914,-73.7870217
2015-01-20,,c,40.594032466,-74.068984221
2015-01-20,,c,40.588009462,-73.807286023
2015-01-20,,c,40.754448963,-73.988115693
2015-01-20,,c,40.69701447,-73.814630726
2015-01-21,,c,40.757317199,-73.98788056
2015-01-22,,c,40.811052926,-73.880721259
2015-01-23,"1 pedestrian, Other Electronic Device",v,40.7504525,-73.9872921
2015-01-23,"1 pedestrian, Failure to Yield Right-of-Way",v,40.7795404,-73.9597725
2015-01-23,Worker killed in fly ash fire. - ,w,43.8934365,-73.4081618
2015-01-24,,c,40.575871566,-74.003032428
2015-01-24,,c,40.655610001,-73.750968253
2015-01-24,,c,40.655610001,-73.750968253
2015-01-24,,c,40.655610001,-73.750968253
2015-01-25,,c,40.679125323,-73.773914941
2015-01-25,,c,40.668719174,-73.768063618
2015-01-25,,c,40.742237852,-73.991192516
2015-01-25,,c,40.679125323,-73.773914941
2015-01-25,,c,40.687024772,-73.920815537
2015-01-27,,c,40.635141912,-73.947895611
2015-01-28,,c,40.821664228,-73.918856034
2015-01-28,,c,40.636560937,-74.088153047
2015-01-29,"1 pedestrian, Driver Inattention/Distraction",v,40.8593797,-73.9273855
2015-01-31,"1 motorist, Traffic Control Disregarded",v,40.5999021,-73.7615889
2015-01-31,,c,40.778463961,-73.92139645
2015-02-01,,c,40.820396616,-73.954723617
2015-02-01,,c,40.862687276,-73.866424221
2015-02-03,1 pedestrian,v,40.7126469,-73.8993537
2015-02-04,"1 pedestrian, Driver Inattention/Distraction",v,40.6673698,-73.7826551
2015-02-09,1 pedestrian,v,40.6627814,-73.8808552
2015-02-09,1 pedestrian,v,40.6627814,-73.8808552
2015-02-11,1 motorist,v,40.7544905,-74.0067388
2015-02-11,,c,40.669404648,-73.863639075
2015-02-13,,c,40.687875653,-73.85360602
2015-02-14,,c,40.72906475,-73.811020132
2015-02-16,,c,40.636818967,-74.118653127
2015-02-16,,c,40.796341237,-73.941199816
2015-02-17,"1 motorist, Driver Inattention/Distraction",v,40.6309485,-74.1497622
2015-02-18,"1 pedestrian, Passenger Distraction",v,40.7168135,-73.9977634
2015-02-19,,c,40.863992687,-73.900731263
2015-02-19,,c,40.879168036,-73.854139507
2015-02-19,,c,40.69522897,-73.976211379
2015-02-19,,c,40.669165105,-73.891284691
2015-02-19,"1 pedestrian, Driver Inattention/Distraction",v,40.6484415,-73.8824124
2015-02-20,,c,40.74239378,-73.954231702
2015-02-20,1 pedestrian,v,40.6662948,-73.7989819
2015-02-20,"1 pedestrian, Failure to Yield Right-of-Way",v,40.6175896,-73.9638107
2015-02-20,"1 pedestrian, Failure to Yield Right-of-Way",v,40.7553920,-73.8282803
2015-02-22,,c,40.64312628,-73.908093647
2015-02-22,,c,40.658424134,-73.929142764
2015-02-22,"1 pedestrian, Driver Inattention/Distraction",v,40.7434005,-73.8888705
2015-02-23,,c,40.720813298,-73.978135911
2015-02-23,"1 pedestrian, Driver Inexperience",v,40.8745392,-73.90958619999999
2015-02-25,,c,40.660083495,-73.91896247
2015-02-26,1 pedestrian,v,40.832984,-73.8598568
2015-02-27,,c,40.67551445,-73.901159612
2015-02-27,"1 motorist, Passing or Lane Usage Improper",v,40.5789366,-73.9852115
2015-02-27,,c,40.67135982,-73.881811023
2015-02-27,"1 motorist, Traffic Control Disregarded",v,40.6125584,-74.0360929
2015-03-01,"1 motorist, Traffic Control Disregarded",v,40.6672125,-73.7808366
2015-03-02,"1 motorist, Driver Inattention/Distraction",v,40.5903776,-74.1068782
2015-03-03,,c,40.838778865,-73.864701374
2015-03-03,Worker cleaning window killed in fall. - ,w,40.7530174,-73.9920207
2015-03-04,,c,40.850289992,-73.899417923
2015-03-04,,c,40.861894559,-73.85766248
2015-03-06,,c,40.592478755,-73.799697347
2015-03-06,,c,40.758451779,-73.81543074
2015-03-07,"1 pedestrian, Failure to Yield Right-of-Way",v,40.7563818,-73.9643237
2015-03-09,"1 pedestrian, Traffic Control Disregarded",v,40.6716376,-73.9503350
2015-03-09,,c,40.831240768,-73.91917319
2015-03-10,,c,40.820663494,-73.956385411
2015-03-10,,c,40.662613939,-73.946763988
2015-03-13,,c,40.865383016,-73.893201875
2015-03-13,,c,40.816087661,-73.895824354
2015-03-13,,c,40.905239663,-73.845573705
2015-03-14,,c,40.704519831,-73.893470403
2015-03-14,,c,40.68354911,-73.988492488
2015-03-16,1 pedestrian,v,40.5987660,-74.0007202
2015-03-17,,c,40.842270296,-73.925130393
2015-03-17,1 pedestrian,v,40.7653202,-73.8890397
2015-03-17,Worker fatally crushed between an excavator and garage door. - ,w,42.07875060000001,-75.8795358
2015-03-18,,c,40.800360728,-73.943616233
2015-03-18,"1 motorist, Driver Inattention/Distraction",v,40.6040464,-73.93063190000001
2015-03-19,,c,40.830798914,-73.826948796
2015-03-20,"2 pedestrians ,Following Too Closely",v,40.8387216,-73.9137706
2015-03-20,"2 motorists, Driver Inattention/Distraction, Driver Inattention/Distraction",v,40.5307800,-74.2244300
2015-03-20,,c,40.805364044,-73.937662763
2015-03-21,Worker killed in fall from ladder.  - ,w,40.7602497,-73.94292229999999
2015-03-21,,c,40.63068216,-73.973557573
2015-03-22,,c,40.70649232,-73.878599993
2015-03-24,Worker killed after being ejected from forklift - ,w,40.8029179,-72.7815226
2015-03-24,,c,40.608346224,-73.967479881
2015-03-24,"1 motorist, Following Too Closely",v,40.5386637,-74.1880025
2015-03-25,1 pedestrian,v,40.6491933,-73.8876761
2015-03-25,,c,40.829987943,-73.900084589
2015-03-26,Worker killed in fall from elevated surface. - ,w,40.810985,-73.89166689999999
2015-03-26,Worker killed in gas explosion.  - ,w,40.7371418,-73.9889388
2015-03-26,,c,40.830641293,-73.874875576
2015-03-26,,c,40.701000588,-73.770822101
2015-03-26,,c,40.675399421,-73.881118891
2015-03-30,,c,40.750773635,-73.987073289
2015-03-30,,c,40.609645819,-73.757496513
2015-03-31,,c,40.679646509,-73.789665005
2015-04-01,Worker killed in fall from building. - ,w,40.592585,-73.93395799999999
2015-04-01,1 pedestrian,v,40.7554895,-73.7927824
2015-04-01,1 pedestrian,v,40.7554895,-73.7927824
2015-04-01,1 pedestrian,v,40.7554895,-73.7927824
2015-04-02,"1 motorist, Following Too Closely, Driver Inattention/Distraction",v,40.8131597,-73.9503486
2015-04-02,"1 pedestrian, Driver Inattention/Distraction",v,40.9059675,-73.9043390
2015-04-02,,c,40.671110834,-73.913563363
2015-04-04,,c,40.597158964,-74.085105077
2015-04-05,,c,40.773793373,-73.936280628
2015-04-05,"1 cyclist, Driver Inattention/Distraction",v,40.8254139,-73.9234750
2015-04-05,,c,40.853320229,-73.906024752
2015-04-05,"2 motorists, Traffic Control Disregarded",v,40.8395144,-73.9360241
2015-04-06,Worker fatally crushed by demolition debris. - ,w,40.7190617,-73.9231152
2015-04-08,Worker struck and killed by a board while operating an edger. - ,w,44.365794,-73.724977
2015-04-08,,c,40.856263242,-73.906877332
2015-04-09,"1 motorist, Driver Inattention/Distraction, Driver Inattention/Distraction",v,40.7515157,-73.7476961
2015-04-09,,c,40.68923705,-73.956994225
2015-04-12,,c,40.691718999,-73.92594131
2015-04-12,"1 motorist, Following Too Closely",v,40.6774132,-73.9303181
2015-04-13,,c,40.85742325,-73.902346124
2015-04-15,,c,40.854753119,-73.893562353
2015-04-15,,c,40.822912308,-73.870041304
2015-04-15,,c,40.656167168,-73.927926981
2015-04-16,,c,40.62619183,-73.994147437
2015-04-16,,c,40.62619183,-73.994147437
2015-04-16,,c,40.726290343,-73.73476086
2015-04-16,1 cyclist,v,40.6748962,-73.8074409
2015-04-17,,c,40.697400473,-73.951301805
2015-04-17,,c,40.66494692,-73.878131316
2015-04-18,"1 motorist, Physical Disability",v,40.8814391,-73.8487484
2015-04-18,"1 pedestrian, Driver Inattention/Distraction",v,40.6806417,-73.9533713
2015-04-19,,c,40.709296246,-73.775482638
2015-04-19,,c,40.680373415,-73.892759054
2015-04-19,,c,40.698439694,-73.831129539
2015-04-20,"1 motorist, Fell Asleep",v,40.6802965,-73.8446402
2015-04-21,1 pedestrian,v,40.6504017,-73.8942149
2015-04-21,Worker electrocuted when crane cable contacted overhead electrical wiring. - ,w,43.1200409,-77.6516741
2015-04-21,,c,40.680377853,-73.867986378
2015-04-22,30 year old white male - Gunshot,b,40.709901,-73.79432
2015-04-24,Worker fatally crushed between crane boom and truck frame. - ,w,40.906616,-73.878569
2015-04-25,"1 pedestrian, Other Vehicular",v,40.6867596,-73.7844849
2015-04-25,24 year old black male - Gunshot,b,40.7245394,-73.9822911
2015-04-26,"1 motorist, Physical Disability",v,40.6994050,-73.9533690
2015-04-26,"1 motorist, Traffic Control Disregarded",v,40.5773093,-74.1011192
2015-04-27,Worker killed by ex-resident while walking to her car. - ,w,40.8603042,-73.89365360000001
2015-04-27,,c,40.637284793,-73.952383355
2015-04-27,,c,40.637284793,-73.952383355
2015-04-27,,c,40.708727362,-73.964184681
2015-04-27,,c,40.899517777,-73.859054145
2015-04-28,"2 motorists, Traffic Control Disregarded",v,40.7421627,-73.8044317
2015-04-29,,c,40.689529839,-73.781956874
2015-04-30,"1 motorist, Traffic Control Disregarded",v,40.6425396,-73.8765111
2015-05-01,1 motorist,v,40.6589202,-73.8898186
2015-05-02,,c,40.711037871,-73.745812281
2015-05-04,1 motorist,v,40.6420041,-73.8988296
2015-05-05,Worker killed in fall down elevator shaft. - ,w,40.644651,-74.23697229999999
2015-05-05,,c,40.748794048,-73.873040688
2015-05-06,"1 pedestrian, Traffic Control Disregarded",v,40.8248126,-73.9367868
2015-05-07,,c,40.673446427,-73.902968791
2015-05-08,,c,40.799008797,-73.952408541
2015-05-08,"1 pedestrian, Driver Inattention/Distraction",v,40.7607986,-73.9296497
2015-05-09,"1 pedestrian, Driver Inattention/Distraction",v,40.7642144,-73.9709581
2015-05-09,,c,40.689572726,-73.796376725
2015-05-10,,c,40.63231069,-74.111763767
2015-05-10,"1 pedestrian, Passenger Distraction",v,40.6604716,-73.9980140
2015-05-10,,c,40.865359586,-73.918278482
2015-05-10,,c,40.6449136,-73.937383848
2015-05-10,"1 motorist, Physical Disability",v,40.5464206,-74.1414043
2015-05-11,,c,40.866012164,-73.867339484
2015-05-11,1 pedestrian,v,40.6879510,-73.8250104
2015-05-11,,c,40.649272421,-73.928165066
2015-05-11,,c,40.639441225,-74.11769574
2015-05-12,,c,40.786500727,-73.945466039
2015-05-12,"1 motorist, Driver Inexperience, Prescription Medication",v,40.8476821,-73.9123638
2015-05-13,,c,40.675146162,-73.918003234
2015-05-13,Worker killed in fall from ladder. - ,w,40.8883404,-73.9098831
2015-05-13,"1 pedestrian, Failure to Yield Right-of-Way",v,40.8271694,-73.8701147
2015-05-14,1 pedestrian,v,40.7608574,-73.9610689
2015-05-15,"1 pedestrian, Driver Inexperience, Backing Unsafely",v,40.7608228,-73.9983142
2015-05-15,40 year old hispanic/latino male - Death in custody,b,40.86466799999999,-73.8924023
2015-05-16,1 pedestrian,v,40.5864763,-73.9469601
2015-05-17,,c,40.709186497,-73.819156071
2015-05-17,"1 pedestrian, Passenger Distraction",v,40.8378635,-73.9113938
2015-05-18,,c,40.749755161,-73.985615392
2015-05-18,,c,40.699650446,-73.938316997
2015-05-19,,c,40.708869585,-73.942600717
2015-05-19,1 pedestrian,v,40.6553970,-73.9297608
2015-05-20,,c,40.865841192,-73.895999497
2015-05-20,1 pedestrian,v,40.8042578,-73.9629254
2015-05-21,1 pedestrian,v,40.620333,-73.89756930000001
2015-05-22,,c,40.833336302,-73.917161436
2015-05-22,,c,40.689453173,-73.955122632
2015-05-22,1 pedestrian,v,40.6451334,-73.9023131
2015-05-23,,c,40.836266064,-73.911328663
2015-05-24,,c,40.685784842,-73.867795388
2015-05-24,"1 motorist, Alcohol Involvement",v,40.8011245,-73.9298728
2015-05-25,"1 pedestrian, Driver Inattention/Distraction",v,40.6752004,-73.7898903
2015-05-25,"1 motorist, Traffic Control Disregarded",v,40.6528929,-73.8667311
2015-05-25,,c,40.67135982,-73.881811023
2015-05-25,"1 motorist, Traffic Control Disregarded",v,40.6528929,-73.8667311
2015-05-26,1 motorist,v,40.6021942,-74.1684575
2015-05-26,"1 pedestrian, Passenger Distraction",v,40.6782780,-73.9107549
2015-05-26,51 year old black male - Gunshot,b,40.6569711,-73.888674
2015-05-26,1 motorist,v,40.6663322,-73.8105512
2015-05-26,Worker fatally crushed by elevator. - ,w,43.08224750000001,-76.08546179999999
2015-05-26,,c,40.636593652,-73.961131996
2015-05-26,,c,40.597318554,-73.985374556
2015-05-26,,c,40.677605279,-73.82821878
2015-05-27,1 cyclist,v,40.8075979,-73.9371788
2015-05-27,,c,40.679670066,-73.936136211
2015-05-28,,c,40.638277737,-74.07879081
2015-05-29,,c,40.850367293,-73.917255894
2015-05-29,,c,40.854068298,-73.915049873
2015-05-30,,c,40.660118772,-73.914608435
2015-05-30,,c,40.842979335,-73.914579729
2015-05-30,,c,40.755443005,-73.943423246
2015-05-30,,c,40.812699137,-73.921619736
2015-05-30,,c,40.669838101,-73.914693322
2015-05-30,"1 pedestrian, Driver Inattention/Distraction",v,40.8255779,-73.9184596
2015-05-30,,c,40.60324305,-73.760526804
2015-05-31,"1 motorist, Alcohol Involvement",v,40.56054899999999,-73.9201875
2015-06-02,,c,40.683466804,-73.948514066
2015-06-02,"1 motorist, Traffic Control Disregarded",v,40.6717897,-73.9531035
2015-06-02,,c,40.69528791,-73.814570615
2015-06-03,"1 motorist, Fell Asleep",v,40.8378751,-73.9196986
2015-06-03,"1 motorist, Traffic Control Disregarded, Driver Inattention/Distraction",v,40.6420041,-73.8988296
2015-06-03,,c,40.672296411,-73.929405609
2015-06-03,Worker killed in fall from ladder-jack scaffold.   - ,w,43.0658188,-76.21665759999999
2015-06-04,1 motorist,v,40.7149707,-73.8128948
2015-06-04,"1 motorist, Backing Unsafely",v,40.8532510,-73.8272179
2015-06-06,,c,40.788721243,-73.939996774
2015-06-07,,c,40.887042546,-73.854129463
2015-06-08,1 pedestrian,v,40.6061034,-74.0798167
2015-06-08,,c,40.647330127,-73.896999556
2015-06-08,51 year old hispanic/latino male - Taser,b,40.8606919,-73.9091761
2015-06-09,,c,40.856032809,-73.888448814
2015-06-10,,c,40.700601637,-73.854566254
2015-06-10,,c,40.670167427,-73.930993992
2015-06-10,,c,40.668883767,-73.932505719
2015-06-10,19 year old black male - Gunshot,b,40.85052779999999,-73.9003312
2015-06-12,,c,40.671337101,-73.936450606
2015-06-13,,c,40.655244,-73.959780431
2015-06-14,"1 motorist, Traffic Control Disregarded",v,40.6832423,-73.7258627
2015-06-14,1 motorist,v,40.8633378,-73.8928205
2015-06-14,,c,40.718120384,-73.957430126
2015-06-15,"1 pedestrian, Other Vehicular",v,40.7628049,-73.9656703
2015-06-16,,c,40.834825825,-73.915977882
2015-06-18,58 year old white male - Gunshot,b,40.5753128,-73.969084
2015-06-18,1 pedestrian,v,40.6835816,-73.9539533
2015-06-18,,c,40.799455636,-73.966436613
2015-06-20,,c,40.769265486,-73.933086319
2015-06-20,"1 pedestrian, Passenger Distraction",v,40.8240873,-73.8743351
2015-06-22,,c,40.719840334,-73.962400198
2015-06-22,,c,40.579780195,-73.998424655
2015-06-22,Worker performing bridge maintenance on river drowned when boat capsized. - ,w,43.16114109999999,-77.5857691
2015-06-22,1 cyclist,v,40.6500815,-73.9610074
2015-06-23,"1 pedestrian, Driver Inattention/Distraction",v,40.6701913,-73.9393377
2015-06-23,Worker struck and killed by metal cap propelled from pressurized sprinkler line.  - ,w,43.096846,-77.623057
2015-06-24,"1 pedestrian, Alcohol Involvement, Failure to Yield Right-of-Way",v,40.61183800000001,-74.1384478
2015-06-25,,c,40.822758665,-73.910483129
2015-06-25,Worker performing landscaping activities drowned after falling lake. - ,w,41.2068515,-73.57523979999999
2015-06-25,,c,40.840541616,-73.862923277
2015-06-26,,c,40.648060922,-73.946371991
2015-06-26,,c,40.862365981,-73.892545127
2015-06-27,"1 pedestrian, Failure to Yield Right-of-Way",v,40.7812557,-73.9179650
2015-06-27,,c,40.796790443,-73.939404406
2015-06-28,,c,40.672789843,-73.773651622
2015-06-28,"1 motorist, Physical Disability",v,40.6934028,-73.7560149
2015-06-28,"1 motorist, Traffic Control Disregarded, Driver Inattention/Distraction",v,40.8772207,-73.9090451
2015-06-29,"1 motorist, Physical Disability",v,40.8334884,-73.9415775
2015-06-29,,c,40.829884885,-73.936761711
2015-06-29,,c,40.682148913,-73.927408555
2015-06-29,"1 pedestrian, Backing Unsafely",v,40.6641748,-73.9448906
2015-07-01,,c,40.652697872,-73.962841673
2015-07-01,"3 motorists, Traffic Control Disregarded",v,40.7445094,-73.7660986
2015-07-01,"1 pedestrian, Driver Inattention/Distraction",v,40.6541418,-73.8873109
2015-07-01,Worker fatally crushed between slabs of granite. - ,w,40.7521587,-73.4156763
2015-07-02,"1 pedestrian, Driver Inattention/Distraction",v,40.6961840,-73.9338290
2015-07-03,,c,40.826828682,-73.9253465
2015-07-03,,c,40.690330592,-73.940954341
2015-07-04,,c,40.675727746,-73.921495901
2015-07-05,,c,40.887313634,-73.847271758
2015-07-06,"1 motorist, Fell Asleep",v,40.872648,-73.8256985
2015-07-06,"1 motorist, Other Vehicular",v,40.8575131,-73.91691900000001
2015-07-07,,c,40.838424184,-73.866530759
2015-07-07,,c,40.679163198,-73.890093056
2015-07-07,Three workers hospitalized when tank exploded. - ,w,40.723407,-73.953833
2015-07-08,,c,40.875121011,-73.908995183
2015-07-09,1 pedestrian,v,40.6663310,-73.9157021
2015-07-09,,c,40.808374236,-73.926996358
2015-07-12,"1 motorist, Traffic Control Disregarded",v,40.6678458,-73.7761182
2015-07-13,,c,40.639005167,-73.957858926
2015-07-13,"1 cyclist, Following Too Closely",v,40.6831278,-73.9791852
2015-07-13,,c,40.663056548,-73.923641048
2015-07-13,,c,40.789295058,-73.94031405
2015-07-14,,c,40.853598367,-73.900576881
2015-07-15,,c,40.636376964,-73.9615825
2015-07-16,Worker killed in fall from roof. - ,w,41.029615,-73.788338
2015-07-16,,c,40.825258992,-73.92579269
2015-07-17,1 pedestrian,v,40.725257,-73.9903489
2015-07-17,,c,40.900260645,-73.845451432
2015-07-17,,c,40.666090679,-73.877365046
2015-07-18,1 pedestrian,v,40.6670397,-73.7681947
2015-07-18,,c,40.636982025,-73.976192508
2015-07-18,,c,40.665043245,-73.892134878
2015-07-19,,c,40.722653586,-73.840433734
2015-07-19,,c,40.615326201,-74.099496139
2015-07-19,,c,40.844258872,-73.881062904
2015-07-19,"1 motorist, Physical Disability",v,40.6889363,-73.7322397
2015-07-22,,c,40.683798638,-73.9618905
2015-07-22,"1 motorist, Traffic Control Disregarded, Failure to Yield Right-of-Way",v,40.7100269,-73.8340529
2015-07-23,,c,40.842445074,-73.912198673
2015-07-23,,c,40.816068266,-73.908552085
2015-07-23,,c,40.842445074,-73.912198673
2015-07-23,,c,40.709469433,-73.940136643
2015-07-24,,c,40.815669885,-73.936569294
2015-07-24,"1 motorist, Pavement Defective, Pavement Defective",v,40.7162813,-73.8031218
2015-07-25,,c,40.659416981,-73.90860103
2015-07-25,,c,40.667576169,-73.907295763
2015-07-26,,c,40.871248594,-73.836989315
2015-07-26,"1 motorist, Physical Disability",v,40.5813698,-74.1539201
2015-07-28,"1 cyclist, Passenger Distraction, Traffic Control Disregarded",v,40.7498984,-73.9378107
2015-07-29,"1 cyclist, Driver Inattention/Distraction",v,40.6736898,-74.0118029
2015-07-31,Worker killed when hydraulic boom collapsed. - ,w,42.372349,-73.60983999999999
2015-08-01,,c,40.634383905,-73.922711878
2015-08-02,"1 motorist, Traffic Control Disregarded",v,40.5535547,-74.1411639
2015-08-02,,c,40.693801303,-73.974405224
2015-08-02,,c,40.821889599,-73.859261922
2015-08-04,,c,40.829659361,-73.904244201
2015-08-05,"1 cyclist, Other Vehicular, Physical Disability",v,40.8401761,-73.9252686
2015-08-05,"1 cyclist, Passenger Distraction",v,40.6488000,-74.0134237
2015-08-05,1 motorist,v,40.662468,-73.74135509999999
2015-08-05,,c,40.715543594,-73.747764689
2015-08-07,1 pedestrian,v,40.7089472,-73.8745074
2015-08-07,,c,40.636762182,-73.920576127
2015-08-07,,c,40.701171248,-73.835266514
2015-08-08,,c,40.676089523,-73.906126672
2015-08-08,"1 motorist, Traffic Control Disregarded",v,40.6670514,-73.7741023
2015-08-09,1 pedestrian,v,40.6902385,-73.9943603
2015-08-10,"1 pedestrian, Traffic Control Disregarded",v,40.7542505,-73.9689773
2015-08-12,"1 pedestrian, Driver Inattention/Distraction",v,40.6894904,-73.9220696
2015-08-13,,c,40.660816444,-73.915281553
2015-08-14,38 year old black male - Gunshot,b,40.6304677,-74.16069139999999
2015-08-14,,c,40.672132666,-73.907498517
2015-08-15,,c,40.690491796,-73.939533459
2015-08-16,,c,40.704517669,-73.771336588
2015-08-16,,c,40.648706769,-73.905130941
2015-08-16,"1 motorist, Traffic Control Disregarded",v,40.6021942,-74.1684575
2015-08-16,,c,40.694203859,-73.908077335
2015-08-16,,c,40.835504619,-73.939188456
2015-08-17,1 pedestrian,v,40.5664967,-74.1137614
2015-08-17,,c,40.697378708,-73.917842458
2015-08-19,"1 pedestrian, Driver Inattention/Distraction",v,40.7489641,-73.8917522
2015-08-19,1 pedestrian,v,40.6248771,-73.9641742
2015-08-20,"1 motorist, Alcohol Involvement",v,40.6294862,-74.0226390
2015-08-20,1 cyclist,v,40.6063974,-73.7517519
2015-08-20,,c,40.875311451,-73.847545211
2015-08-20,1 pedestrian,v,40.7662862,-73.9818487
2015-08-21,,c,40.804046007,-73.936620103
2015-08-21,,c,40.728250797,-74.005373732
2015-08-21,Worker killed in fall from upper storage area.  - ,w,43.01444499999999,-77.933064
2015-08-21,Security guard shot and killed by visitor. - ,w,40.7306163,-74.0640035
2015-08-22,,c,40.869173391,-73.890220123
2015-08-22,,c,40.83246995,-73.90424377
2015-08-22,,c,40.671926733,-73.930833555
2015-08-22,,c,40.70122876,-73.92461076
2015-08-23,,c,40.634630918,-73.953199509
2015-08-24,,c,40.703858516,-73.944375903
2015-08-24,,c,40.699696503,-73.912051269
2015-08-25,1 pedestrian,v,40.5895661,-73.9397962
2015-08-25,,c,40.889320349,-73.900302836
2015-08-25,Worker killed in fall from elevated platform.  - ,w,40.7450871,-73.9048646
2015-08-26,,c,40.851316088,-73.902116523
2015-08-26,1 pedestrian,v,40.6401687,-73.9571253
2015-08-26,,c,40.595492369,-73.93515808
2015-08-28,,c,40.659144599,-73.960542179
2015-08-28,,c,40.718564066,-73.988201454
2015-08-29,1 pedestrian,v,40.7382624,-73.7989383
2015-08-29,"1 motorist, Traffic Control Disregarded",v,40.6721741,-73.7610205
2015-08-29,,c,40.772875746,-73.930024683
2015-08-30,"1 pedestrian, View Obstructed/Limited",v,40.8171184,-73.8830681
2015-08-30,,c,40.827888685,-73.875191502
2015-08-30,,c,40.595113613,-73.759540532
2015-08-31,,c,40.632801597,-73.950127585
2015-09-01,Worker killed in fall from scaffold.   - ,w,40.7694602,-73.9615469
2015-09-01,,c,40.824747205,-73.898853125
2015-09-03,Worker struck and killed by collapsed wall. - ,w,40.6659408,-73.9422907
2015-09-04,,c,40.673341037,-73.932083027
2015-09-04,"1 pedestrian, Backing Unsafely",v,40.56063,-74.16871189999999
2015-09-04,,c,40.798146087,-73.950357672
2015-09-05,,c,40.66416202,-73.94681682
2015-09-05,,c,40.674293444,-73.961766148
2015-09-05,,c,40.750189437,-73.890084153
2015-09-06,"1 pedestrian, Driver Inattention/Distraction",v,40.6442664,-73.9968434
2015-09-07,,c,40.67294517,-73.968926431
2015-09-07,,c,40.665022689,-73.957110763
2015-09-07,"1 motorist, Outside Car Distraction, Driver Inattention/Distraction",v,40.6653987,-73.8295113
2015-09-08,,c,40.760673895,-73.971567543
2015-09-08,,c,40.754119792,-73.990212802
2015-09-09,1 motorist,v,40.5976834,-73.9471924
2015-09-09,,c,40.674459245,-73.938909896
2015-09-10,,c,40.778722235,-73.812341547
2015-09-11,,c,40.598672939,-73.757903666
2015-09-11,1 cyclist,v,40.8595489,-73.8009016
2015-09-12,"1 motorist, Traffic Control Disregarded",v,40.6507886,-73.9725713
2015-09-12,"1 motorist, Traffic Control Disregarded",v,40.8349018,-73.8399571
2015-09-12,,c,40.593024716,-73.979088719
2015-09-14,"1 cyclist, Tow Hitch Defective",v,40.5512542,-74.1345595
2015-09-14,,c,40.819435344,-73.911174055
2015-09-14,,c,40.641891984,-74.006498214
2015-09-14,1 pedestrian,v,40.8255940,-73.8209773
2015-09-15,,c,40.821799082,-73.919372536
2015-09-16,,c,40.849426787,-73.911123163
2015-09-17,,c,40.67135982,-73.881811023
2015-09-18,"1 pedestrian, Passenger Distraction",v,40.8798070,-73.9065753
2015-09-19,,c,40.649944446,-73.961599914
2015-09-19,,c,40.844910096,-73.89009752
2015-09-19,,c,40.795814831,-73.937101065
2015-09-20,,c,40.694219964,-73.982118597
2015-09-20,,c,40.694219964,-73.982118597
2015-09-20,,c,40.865028541,-73.892761364
2015-09-20,,c,40.694219964,-73.982118597
2015-09-21,Worker struck and killed by garbage truck. - ,w,40.8206317,-73.01939349999999
2015-09-21,,c,40.844139945,-73.900388618
2015-09-21,"1 motorist, Pavement Defective",v,40.7367515,-73.6241411
2015-09-24,"1 motorist, Following Too Closely",v,40.5721317,-74.1080873
2015-09-25,,c,40.596579945,-73.907941661
2015-09-26,,c,40.828873725,-73.906803648
2015-09-26,,c,40.70998449,-73.996441344
2015-09-27,,c,40.801755583,-73.934260057
2015-09-27,1 motorist,v,40.8838512,-73.8343459
2015-09-28,,c,40.86080918,-73.92691711
2015-09-28,,c,40.860330983,-73.910461479
2015-09-30,,c,40.83707289,-73.850158943
2015-10-01,1 motorist,v,40.5956614,-73.9931332
2015-10-03,,c,40.638674687,-73.988330877
2015-10-04,,c,40.679890124,-73.820017883
2015-10-04,,c,40.863744063,-73.898887813
2015-10-04,,c,40.615423403,-74.084350357
2015-10-04,,c,40.615423403,-74.084350357
2015-10-04,"1 pedestrian, Driver Inattention/Distraction",v,40.7571844,-73.8339571
2015-10-05,"2 pedestrians ,Driver Inattention/Distraction",v,40.5293737,-74.1613509
2015-10-05,,c,40.659156671,-73.916400977
2015-10-05,1 pedestrian,v,40.6140876,-74.0661328
2015-10-06,"1 pedestrian, Physical Disability",v,40.6913591,-73.8375359
2015-10-06,,c,40.70577536,-73.931007628
2015-10-06,"1 pedestrian, Driver Inattention/Distraction",v,40.6936625,-73.8521639
2015-10-08,1 pedestrian,v,40.7382134,-73.8010654
2015-10-08,,c,40.644128794,-73.943052786
2015-10-08,,c,40.671411663,-73.881511724
2015-10-09,,c,40.886783497,-73.825671072
2015-10-11,,c,40.687878898,-73.978348633
2015-10-11,,c,40.748207471,-73.820071514
2015-10-12,,c,40.739528656,-73.989673657
2015-10-12,"1 pedestrian, Driver Inattention/Distraction, Physical Disability",v,40.8085151,-73.9214539
2015-10-13,1 motorist,v,40.8799484,-73.8233768
2015-10-13,1 pedestrian,v,40.5833517,-74.1496276
2015-10-13,"1 pedestrian, Other Vehicular",v,40.6925629,-73.9279836
2015-10-14,"1 cyclist, Drugs (Illegal)",v,40.7262143,-73.9205150
2015-10-14,"1 cyclist, Drugs (Illegal)",v,40.7262143,-73.9205150
2015-10-14,"1 motorist, Traffic Control Disregarded",v,40.8225330,-73.8850856
2015-10-14,1 pedestrian,v,40.5791996,-73.9819392
2015-10-14,,c,40.64592603,-73.961443671
2015-10-15,,c,40.854535162,-73.898402966
2015-10-17,,c,40.698503885,-73.791585417
2015-10-17,"1 motorist, Physical Disability",v,40.7307692,-73.7752759
2015-10-17,,c,40.827355465,-73.860189834
2015-10-17,,c,40.703074899,-73.807916367
2015-10-18,,c,40.671411663,-73.881511724
2015-10-20,,c,40.796748942,-73.929194181
2015-10-20,1 pedestrian,v,40.8410515,-73.86442699999999
2015-10-21,"1 motorist, Aggressive Driving/Road Rage, Failure to Yield Right-of-Way",v,40.8350523,-73.9261381
2015-10-22,,c,40.861222468,-73.860201788
2015-10-23,"1 pedestrian, View Obstructed/Limited",v,40.5768830,-73.9528750
2015-10-23,"1 pedestrian, Passenger Distraction",v,40.5925176,-73.9326031
2015-10-24,"1 pedestrian, Driver Inexperience",v,40.6410646,-73.9466104
2015-10-25,"1 motorist, Traffic Control Disregarded",v,40.7700398,-73.9094984
2015-10-25,,c,40.860124446,-73.902830201
2015-10-26,1 pedestrian,v,40.7040331,-73.7937920
2015-10-26,,c,40.823682942,-73.916891628
2015-10-26,,c,40.676083154,-73.971657681
2015-10-26,,c,40.639565947,-74.017858834
2015-10-27,,c,40.653214329,-73.920430403
2015-10-28,,c,40.80038483,-73.954701109
2015-10-29,,c,40.845984791,-73.907462791
2015-10-31,,c,40.651149094,-73.895036788
2015-10-31,,c,40.661234892,-73.741384856
2015-10-31,,c,40.661234892,-73.741384856
2015-11-01,"1 pedestrian, Failure to Yield Right-of-Way",v,40.7133001,-73.8491192
2015-11-01,1 pedestrian,v,40.7563194,-73.8336777
2015-11-01,1 pedestrian,v,40.6408847,-73.9494859
2015-11-01,,c,40.67844139,-73.949116423
2015-11-03,"1 pedestrian, Failure to Yield Right-of-Way",v,40.6780135,-73.9059711
2015-11-04,,c,40.700453401,-73.914827259
2015-11-05,"1 pedestrian, Driver Inattention/Distraction",v,40.8189912,-73.8866994
2015-11-05,1 pedestrian,v,40.7585505,-73.8296366
2015-11-06,"1 pedestrian, Passenger Distraction",v,40.7747353,-73.9881756
2015-11-07,"1 pedestrian, Passenger Distraction",v,40.6663322,-73.8105512
2015-11-08,,c,40.652362333,-73.927030122
2015-11-08,"1 pedestrian, Failure to Yield Right-of-Way",v,40.8011722,-73.9614571
2015-11-09,"1 motorist, Physical Disability",v,40.5958903,-74.0858762
2015-11-09,1 motorist,v,40.5879866,-73.9197254
2015-11-09,"1 pedestrian, Traffic Control Disregarded",v,40.6467071,-73.9649912
2015-11-09,,c,40.752862899,-73.992981332
2015-11-09,1 motorist,v,40.8011213,-73.9652183
2015-11-09,,c,40.664297758,-73.902589205
2015-11-10,,c,40.626487188,-73.960694776
2015-11-10,,c,40.644677234,-73.961689428
2015-11-11,,c,40.704489571,-73.964590908
2015-11-12,1 pedestrian,v,40.6679546,-73.8700642
2015-11-15,,c,40.709369048,-73.898681928
2015-11-15,,c,40.867233307,-73.920915513
2015-11-16,1 pedestrian,v,40.6829405,-73.8671614
2015-11-18,1 pedestrian,v,40.5945938,-73.9954991
2015-11-18,"1 pedestrian, Passenger Distraction",v,40.6002316,-73.9955923
2015-11-18,,c,40.864694331,-73.899576908
2015-11-18,,c,40.683809179,-73.98297591
2015-11-20,,c,40.648060922,-73.946371991
2015-11-20,,c,40.901332179,-73.842211382
2015-11-21,"1 pedestrian, Passenger Distraction",v,40.6706674,-73.8010245
2015-11-21,,c,40.742605175,-73.915491518
2015-11-23,"1 pedestrian, Failure to Yield Right-of-Way",v,40.7135539,-73.9808531
2015-11-24,,c,40.842646326,-73.893682921
2015-11-24,,c,40.651372334,-73.96344425
2015-11-25,"1 pedestrian, Driver Inattention/Distraction",v,40.7357240,-73.9367594
2015-11-25,,c,40.832224679,-73.906379774
2015-11-25,1 pedestrian,v,40.6233399,-73.9559401
2015-11-26,,c,40.668067542,-73.904018382
2015-11-26,"1 pedestrian, Traffic Control Disregarded",v,40.6569792,-73.8894182
2015-11-27,"2 motorists, Traffic Control Disregarded, Backing Unsafely",v,40.7699976,-73.9158178
2015-11-27,,c,40.667576169,-73.907295763
2015-11-27,,c,40.667576169,-73.907295763
2015-11-28,,c,40.640983725,-74.086926573
2015-11-30,1 pedestrian,v,40.6091307,-73.9574045
2015-12-01,"1 motorist, Failure to Yield Right-of-Way, Traffic Control Disregarded",v,40.5839003,-73.9387393
2015-12-01,"1 pedestrian, Passenger Distraction",v,40.8853043,-73.8295323
2015-12-01,,c,40.844209947,-73.855083584
2015-12-02,"1 pedestrian, Traffic Control Disregarded",v,40.6936492,-73.9833217
2015-12-02,1 pedestrian,v,40.7609059,-73.9669961
2015-12-02,"1 motorist, Traffic Control Disregarded",v,40.652791,-73.73953999999999
2015-12-03,,c,40.87058038,-73.868245145
2015-12-03,"1 motorist, Traffic Control Disregarded",v,40.6250536,-74.0191167
2015-12-03,,c,40.657374916,-73.923737654
2015-12-05,,c,40.652693383,-73.91360164
2015-12-06,"1 motorist, Traffic Control Disregarded",v,40.7354867,-73.9174657
2015-12-06,"1 pedestrian, Unsafe Speed",v,40.6863108,-73.9744391
2015-12-06,,c,40.838986067,-73.922770541
2015-12-06,"1 pedestrian, Backing Unsafely",v,40.7536572,-73.8629707
2015-12-07,,c,40.635970966,-74.012655151
2015-12-07,"1 pedestrian, Driver Inattention/Distraction",v,40.8056135,-73.9255888
2015-12-08,36 year old black male - Gunshot,b,40.92606749999999,-73.8805385
2015-12-08,"1 pedestrian, Passenger Distraction",v,40.7568039,-73.8736557
2015-12-09,,c,40.539296108,-74.220783054
2015-12-10,,c,40.699860845,-73.98477864
2015-12-10,,c,40.848353408,-73.858660142
2015-12-11,,c,40.575442769,-73.987794763
2015-12-11,,c,40.643647334,-73.952688708
2015-12-11,"1 pedestrian, Driver Inattention/Distraction",v,40.6722935,-73.9131170
2015-12-12,1 pedestrian,v,40.8040616,-73.95658519999999
2015-12-13,,c,40.687864317,-73.949390484
2015-12-14,,c,40.645014517,-74.07720963
2015-12-14,"1 pedestrian, Failure to Yield Right-of-Way",v,40.5881722,-73.9524529
2015-12-15,"1 pedestrian, Failure to Yield Right-of-Way",v,40.5565344,-74.1281176
2015-12-16,"1 motorist, Traffic Control Disregarded",v,40.7225251,-73.8275254
2015-12-16,1 pedestrian,v,40.7128324,-73.8782912
2015-12-17,,c,40.685610573,-73.942912796
2015-12-18,"1 pedestrian, Failure to Yield Right-of-Way",v,40.5997650,-73.9948217
2015-12-18,"1 motorist, Traffic Control Disregarded",v,40.7611310,-73.8122670
2015-12-19,,c,40.678410246,-73.926961963
2015-12-19,,c,40.676051596,-73.934611088
2015-12-20,,c,40.863507284,-73.904466615
2015-12-23,"1 motorist, Traffic Control Disregarded",v,40.7172094,-73.9347028
2015-12-24,,c,40.858045026,-73.904102113
2015-12-24,"1 pedestrian, Failure to Yield Right-of-Way",v,40.5970039,-73.9499008
2015-12-26,,c,40.697367986,-73.791826985
2015-12-28,,c,40.612714054,-73.961390818
2015-12-28,,c,40.595161807,-73.937981421
2015-12-28,,c,40.595161807,-73.937981421
2015-12-29,,c,40.810877241,-73.941064151
2015-12-30,,c,40.877554428,-73.872939471
2015-12-30,,c,40.852141187,-73.922375722
2015-12-31,,c,40.697338138,-73.784556739
2015-12-31,,c,40.650467172,-73.957267875
2016-01-01,,c,40.687140512,-73.856146091
2016-01-04,,c,40.883927913,-73.901323524
2016-01-04,"1 motorist, Traffic Control Disregarded",v,40.8838608,-73.8558854
2016-01-04,,c,40.873601668,-73.845603792
2016-01-06,,c,40.674601815,-73.938614149
2016-01-07,1 pedestrian,v,40.7707099,-73.9509327
2016-01-08,"1 pedestrian, Driver Inattention/Distraction, Driver Inattention/Distraction",v,40.8392249,-73.9150891
2016-01-08,"1 pedestrian, Passenger Distraction",v,40.7399029,-73.9728449
2016-01-09,,c,40.66156215,-73.925945955
2016-01-10,"1 pedestrian, Passenger Distraction",v,40.6763431,-73.9109270
2016-01-10,,c,40.683276253,-73.930623478
2016-01-10,,c,40.676231908,-74.006944997
2016-01-11,,c,40.676487297,-73.837065184
2016-01-11,,c,40.68190669,-73.89458817
2016-01-11,,c,40.679907552,-73.920784329
2016-01-11,1 pedestrian,v,40.8553279,-73.8639594
2016-01-12,1 pedestrian,v,40.7183032,-73.9873956
2016-01-13,,c,40.66475956,-73.894042144
2016-01-14,1 pedestrian,v,40.7940523,-73.9703673
2016-01-14,,c,40.548991392,-74.230271459
2016-01-15,"1 motorist, Fell Asleep",v,40.5675778,-74.1271454
2016-01-16,,c,40.606404746,-74.120479003
2016-01-16,,c,40.661079525,-73.894822924
2016-01-16,1 motorist,v,40.5266411,-74.1681321
2016-01-16,"1 motorist, Traffic Control Disregarded",v,40.6187344,-74.1760525
2016-01-17,,c,40.576124128,-73.99982505
2016-01-18,1 cyclist,v,40.8538084,-73.8552781
2016-01-19,1 cyclist,v,40.5982053,-73.9621036
2016-01-20,,c,40.706860328,-73.948196631
2016-01-21,,c,40.857922634,-73.892895732
2016-01-21,1 pedestrian,v,40.7483506,-73.9678590
2016-01-22,1 pedestrian,v,40.7841900,-73.8458097
2016-01-22,,c,40.684792115,-73.878556569
2016-01-23,,c,40.644590276,-74.001900465
2016-01-24,,c,40.811393119,-73.922314872
2016-01-27,,c,40.596213982,-73.764700204
2016-01-27,,c,40.803393591,-73.938145012
2016-01-28,"1 pedestrian, Failure to Yield Right-of-Way",v,40.6014422,-74.0015449
2016-02-02,,c,40.88905357,-73.851325713
2016-02-03,1 pedestrian,v,40.6236805,-73.9977125
2016-02-03,,c,40.643647334,-73.952688708
2016-02-05,,c,40.827668623,-73.925435892
2016-02-05,,c,40.750331537,-73.792130675
2016-02-05,"1 pedestrian, Traffic Control Disregarded",v,40.6775631,-73.9330796
2016-02-06,"1 pedestrian, Traffic Control Disregarded",v,40.6542235,-73.9153065
2016-02-08,,c,40.853064489,-73.868944957
2016-02-10,"1 motorist, Traffic Control Disregarded",v,40.6966689,-73.8868099
2016-02-10,,c,40.608391809,-74.14661153
2016-02-10,,c,40.608391809,-74.14661153
2016-02-10,,c,40.608391809,-74.14661153
2016-02-10,"1 pedestrian, Driver Inattention/Distraction",v,40.6656136,-73.7356712
2016-02-10,"1 pedestrian, Failure to Yield Right-of-Way",v,40.8391780,-73.9411352
2016-02-11,,c,40.662692805,-73.88830716
2016-02-11,"1 cyclist, Physical Disability",v,40.7219679,-74.0082326
2016-02-12,"1 pedestrian, Failure to Yield Right-of-Way",v,40.7576938,-74.0005848
2016-02-13,,c,40.817503461,-73.941975939
2016-02-13,,c,40.642006612,-73.9017029
2016-02-15,,c,40.65149337,-73.924533616
2016-02-15,1 motorist,v,40.6649593,-73.8222478
2016-02-15,,c,40.637483796,-74.00749944
2016-02-16,,c,40.685077953,-73.927993087
2016-02-16,1 cyclist,v,40.5729078,-74.1370436
2016-02-17,,c,40.636744136,-74.134282972
2016-02-20,"2 motorists, Alcohol Involvement",v,40.6789969,-73.7297895
2016-02-21,,c,40.608883423,-74.083157189
2016-02-22,"1 motorist, Driver Inattention/Distraction",v,40.7773651,-73.96950609999999
2016-02-22,,c,40.810328321,-73.91476613
2016-02-25,,c,40.667629873,-73.896254478
2016-02-28,1 pedestrian,v,40.832984,-73.8598568
2016-02-28,"1 pedestrian, Passenger Distraction",v,40.8357212,-73.8556463
2016-02-28,"1 pedestrian, Driver Inattention/Distraction",v,40.6824607,-73.8300148
2016-02-28,"1 motorist, Driver Inattention/Distraction",v,40.6824607,-73.8300148
2016-02-28,"1 pedestrian, Physical Disability",v,40.6691717,-73.9863054
2016-02-29,"1 pedestrian, Failure to Yield Right-of-Way",v,40.7490492,-73.9820230
2016-03-01,,c,40.853587401,-73.900591356
2016-03-03,"1 motorist, Following Too Closely",v,40.6012042,-74.0650758
2016-03-04,,c,40.820979933,-73.849642388
2016-03-04,,c,40.600205912,-74.121501323
2016-03-05,,c,40.745222604,-73.91045017
2016-03-06,,c,40.768940729,-73.911443572
2016-03-06,1 motorist,v,40.8484086,-73.83591950000002
2016-03-06,,c,40.699693597,-73.766488035
2016-03-07,,c,40.812190348,-73.924206908
2016-03-09,,c,40.851111636,-73.935255912
2016-03-09,,c,40.860928316,-73.920308429
2016-03-10,,c,40.671657217,-73.958198788
2016-03-10,,c,40.590091841,-74.094684252
2016-03-10,1 pedestrian,v,40.8354320,-73.9233984
2016-03-11,,c,40.6928309,-73.758149574
2016-03-11,,c,40.527675213,-74.230216009
2016-03-11,1 pedestrian,v,40.7547066,-73.8547860
2016-03-11,"1 motorist, Tire Failure/Inadequate",v,40.7416909,-73.7354052
2016-03-12,,c,40.586104414,-74.162630773
2016-03-13,,c,40.64480152,-74.005269715
2016-03-13,,c,40.880398548,-73.863853651
2016-03-14,,c,40.631766312,-73.887299705
2016-03-15,"1 pedestrian, Failure to Yield Right-of-Way",v,40.7800650,-73.9470478
2016-03-16,,c,40.802620306,-73.951087574
2016-03-16,,c,40.766406832,-73.968377423
2016-03-16,55 year old hispanic/latino male - Death in custody,b,40.8079247,-73.9225994
2016-03-17,,c,40.823180032,-73.866536043
2016-03-18,,c,40.811446464,-73.916184409
2016-03-18,,c,40.811112268,-73.906344446
2016-03-19,,c,40.673567652,-73.807384888
2016-03-19,"1 pedestrian, Passenger Distraction",v,40.7355362,-73.98660199999999
2016-03-20,"1 motorist, Pavement Slippery",v,40.7718650,-73.8733422
2016-03-22,1 pedestrian,v,40.7992856,-73.9453602
2016-03-24,,c,40.633486765,-74.163427185
2016-03-24,,c,40.67432526,-73.888388621
2016-03-24,,c,40.633486765,-74.163427185
2016-03-25,,c,40.796341237,-73.941199816
2016-03-26,"1 motorist, Traffic Control Disregarded, Traffic Control Disregarded",v,40.8655081,-73.8635212
2016-03-26,"1 pedestrian, Passenger Distraction",v,40.7865513,-73.9546549
2016-03-27,,c,40.835718483,-73.851303959
2016-04-01,,c,40.725980641,-73.990801407
2016-04-01,,c,40.574825477,-73.99092661
2016-04-03,,c,40.658196944,-73.958538808
2016-04-04,,v,40.6618220,-73.9965939
2016-04-04,,c,40.661821983,-73.996479956
2016-04-05,"1 pedestrian, Driver Inattention/Distraction",v,40.7640838,-73.8333515
2016-04-06,"1 pedestrian, Passenger Distraction",v,40.7690596,-73.9284713
2016-04-07,"1 pedestrian, Passenger Distraction",v,40.7127837,-74.0059413
2016-04-07,"1 motorist, Traffic Control Disregarded",v,40.7894751,-73.7940655
2016-04-08,,c,40.857418359,-73.893706303
2016-04-09,,c,40.739095849,-73.896774703
2016-04-10,,c,40.816068266,-73.908552085
2016-04-12,,c,40.783898154,-73.950285241
2016-04-12,"1 pedestrian, Pavement Slippery",v,40.5410116,-74.1471027
2016-04-13,,c,40.665114176,-73.891673378
2016-04-14,,c,40.636818967,-74.118653127
2016-04-14,,c,40.727606514,-73.97781979
2016-04-14,"1 pedestrian, Glare",v,40.6843388,-73.9147563
2016-04-15,"1 cyclist, Driver Inattention/Distraction, Driver Inattention/Distraction",v,40.6866826,-73.9595689
2016-04-15,,c,40.740824511,-73.974260858
2016-04-15,,c,40.833450977,-73.943407506
2016-04-16,,c,40.703499897,-73.767495386
2016-04-17,,c,40.801392386,-73.93271089
2016-04-17,32 year old black male - Gunshot,b,40.6790399,-73.8054241
2016-04-17,,c,40.816366145,-73.867626311
2016-04-18,,c,40.847688805,-73.934930327
2016-04-19,,c,40.869588539,-73.900050398
2016-04-19,,c,40.686082215,-73.919233753
2016-04-20,1 cyclist,v,40.6780631,-73.9761800
2016-04-20,"1 motorist, Traffic Control Disregarded",v,40.7127837,-74.0059413
2016-04-21,,c,40.689097532,-73.925616087
2016-04-23,,c,40.835577917,-73.908803531
2016-04-24,,c,40.872845399,-73.898794425
2016-04-26,,c,40.699837274,-73.913089739
2016-04-27,,c,40.834571799,-73.88831495
2016-04-27,,c,40.820411063,-73.893331855
2016-04-27,1 cyclist,v,40.8370818,-73.88786850000001
2016-04-28,,c,40.861063085,-73.893447414
2016-04-29,,c,40.725697698,-73.988239878
2016-04-29,,c,40.663996333,-73.893848712
2016-04-30,1 motorist,v,40.8648841,-73.8873042
2016-05-01,1 pedestrian,v,40.7673199,-73.9842663
2016-05-01,1 pedestrian,v,40.6385137,-73.8998979
2016-05-02,,c,40.578510134,-73.934900975
2016-05-02,1 motorist,v,40.6576327,-73.8562369
2016-05-03,,c,40.836678228,-73.915596087
2016-05-04,1 pedestrian,v,40.7382169,-73.9856803
2016-05-04,,c,40.81493989,-73.886592131
2016-05-06,,c,40.696979876,-73.792740591
2016-05-06,2 motorists,v,40.6457036,-73.9014330
2016-05-07,,c,40.817755155,-73.91801901
2016-05-08,,c,40.671411663,-73.881511724
2016-05-08,2 pedestrians,v,40.6797941,-73.8098135
2016-05-08,,c,40.689491039,-73.908018925
2016-05-09,,c,40.857082062,-73.901352508
2016-05-09,1 pedestrian,v,40.7127837,-74.0059413
2016-05-09,1 cyclist,v,40.6100983,-73.9613729
2016-05-10,1 pedestrian,v,40.7690642,-73.9611110
2016-05-10,1 pedestrian,v,40.6210811,-74.0219825
2016-05-11,,c,40.841694933,-73.911108193
2016-05-11,,c,40.818413984,-73.907277131
2016-05-11,,c,40.868587481,-73.883311681
2016-05-12,,c,40.637223031,-73.912627224
2016-05-14,1 pedestrian,v,40.7109888,-73.8997102
2016-05-14,,c,40.5580167,-74.130417978
2016-05-14,1 motorist,v,40.5061875,-74.2348945
2016-05-14,,c,40.654952417,-73.958000222
2016-05-16,1 pedestrian,v,40.8303460,-73.9232742
2016-05-17,,c,40.844350414,-73.815105671
2016-05-17,1 pedestrian,v,40.5889257,-73.8164927
2016-05-18,,c,40.655621162,-73.919937382
2016-05-18,46 year old white male - Gunshot,b,40.7618119,-73.98607009999999
2016-05-18,,c,40.642043072,-73.949609007
2016-05-19,,c,40.684069625,-73.75818135
2016-05-19,,c,40.676064661,-74.00240969
2016-05-19,,c,40.859639663,-73.86323458
2016-05-20,,c,40.761059062,-73.728041784
2016-05-20,,c,40.638335307,-74.164483967
2016-05-20,1 motorist,v,40.8441336,-73.8203636
2016-05-22,1 motorist,v,40.7127837,-74.0059413
2016-05-25,,c,40.734983188,-73.988054214
2016-05-26,1 cyclist,v,40.6600636,-73.877765
2016-05-26,,c,40.605163421,-73.754847799
2016-05-26,,c,40.829363293,-73.919045385
2016-05-27,,c,40.887313634,-73.847271758
2016-05-28,1 pedestrian,v,40.7127837,-74.0059413
2016-05-28,,c,40.685650526,-73.980487523
2016-05-29,1 motorist,v,40.7546113,-73.8766665
2016-05-29,,c,40.852841995,-73.88417431
2016-05-29,,c,40.638614237,-73.948267625
2016-05-30,,c,40.854120099,-73.888809888
2016-05-31,1 motorist,v,40.7127837,-74.0059413
2016-05-31,,c,40.637804468,-73.942377197
2016-05-31,,c,40.670667775,-73.93233809
2016-06-01,,c,40.696493892,-73.949430815
2016-06-03,,c,40.644754824,-74.087241385
2016-06-03,,c,40.722273155,-73.976342426
2016-06-04,,c,40.708909009,-73.965804097
2016-06-05,1 pedestrian,v,40.8373174,-73.9340367
2016-06-05,,c,40.679670066,-73.936136211
2016-06-05,,c,40.670206898,-73.923942878
2016-06-06,,c,40.693065804,-73.999543473
2016-06-06,1 pedestrian,v,40.7547072,-73.9916334
2016-06-07,1 cyclist,v,40.6971856,-73.9288333
2016-06-07,2 motorists,v,40.7854915,-73.9841076
2016-06-07,,c,40.684998931,-73.93844593
2016-06-07,,c,40.670846253,-73.868874019
2016-06-10,1 motorist,v,40.8236430,-73.8220796
2016-06-11,1 cyclist,v,40.7171751,-74.0128675
2016-06-11,1 cyclist,v,40.8352700,-73.8322450
2016-06-11,,c,40.820261474,-73.897877215
2016-06-11,,c,40.816805565,-73.907261306
2016-06-11,,c,40.846741539,-73.906482233
2016-06-12,,c,40.745435546,-73.864353209
2016-06-12,,c,40.671411663,-73.881511724
2016-06-13,1 motorist,v,40.7337618,-73.9374216
2016-06-13,2 motorists,v,40.7127837,-74.0059413
2016-06-15,,c,40.666231521,-73.922538001
2016-06-15,,c,40.69969571,-73.981691569
2016-06-15,,c,40.680096472,-73.912556632
2016-06-15,,c,40.786006915,-73.845738305
2016-06-15,,c,40.886052491,-73.8614443
2016-06-16,1 pedestrian,v,40.7703252,-73.8349614
2016-06-16,1 pedestrian,v,40.7408734,-73.9879831
2016-06-17,,c,40.847277155,-73.910442906
2016-06-17,1 pedestrian,v,40.7649898,-73.8206673
2016-06-18,,c,40.825100443,-73.89485635
2016-06-18,1 pedestrian,v,40.7714977,-73.9862921
2016-06-18,1 pedestrian,v,40.6543130,-73.9175769
2016-06-19,,c,40.680494853,-73.867095611
2016-06-19,1 pedestrian,v,40.6902385,-73.9943603
2016-06-19,1 motorist,v,40.8817462,-73.8570580
2016-06-19,25 year old black male - Gunshot,b,40.8111657,-73.8932478
2016-06-19,,c,40.860655553,-73.895006204
2016-06-19,3 motorists,v,40.7127837,-74.0059413
2016-06-20,1 motorist,v,40.7127837,-74.0059413
2016-06-20,,c,40.827871665,-73.864958422
2016-06-23,,c,40.81725838,-73.940404581
2016-06-23,,c,40.671025464,-73.906195082
2016-06-23,,c,40.872596004,-73.825563635
2016-06-24,1 pedestrian,v,40.7382169,-73.9856803
2016-06-25,1 pedestrian,v,40.7127837,-74.0059413
2016-06-26,,c,40.669788059,-73.958293685
2016-06-26,,c,40.709186497,-73.819156071
2016-06-28,1 pedestrian,v,40.7810254,-73.9813103
2016-06-29,1 motorist,v,40.7859079,-73.8002861
2016-06-29,,c,40.675727746,-73.921495901
2016-06-29,,c,40.66357893,-73.896646458
2016-06-29,,c,40.850660187,-73.908920209
2016-06-30,,c,40.670869804,-73.86317105
2016-06-30,1 pedestrian,v,40.7127837,-74.0059413
2016-06-30,,c,40.620759553,-74.010548599
2016-07-01,1 pedestrian,v,40.7599831,-73.9648018
2016-07-01,1 pedestrian,v,40.8638856,-73.9106779
2016-07-01,1 pedestrian,v,40.7127837,-74.0059413
2016-07-02,1 cyclist,v,40.7174309,-73.9914517
2016-07-02,1 pedestrian,v,40.6122985,-74.0009874
2016-07-03,1 motorist,v,40.7127837,-74.0059413
2016-07-03,1 motorist,v,40.7127837,-74.0059413
2016-07-03,,c,40.814000554,-73.900780541
2016-07-03,,c,40.691103257,-73.912877554
2016-07-04,,c,40.682807656,-73.767816313
2016-07-04,,c,40.676152237,-73.893068674
2016-07-04,,c,40.842271968,-73.905032007
2016-07-04,37 year old black male - Gunshot,b,40.6777246,-73.9344533
2016-07-05,,c,40.713211258,-73.983881015
2016-07-05,,c,40.801063787,-73.950481913
2016-07-07,1 cyclist,v,40.74591179999999,-73.8837654
2016-07-07,1 cyclist,v,40.7439732,-73.8850947
2016-07-07,1 motorist,v,40.6716798,-73.85080909999999
2016-07-08,1 pedestrian,v,40.6937879,-73.8117234
2016-07-09,,c,40.88443116,-73.833004197
2016-07-10,,c,40.680536156,-73.957086365
2016-07-10,1 pedestrian,v,40.7699976,-73.9158178
2016-07-11,,c,40.83797773,-73.885255456
2016-07-11,39 year old black male - Gunshot,b,40.619914,-74.01142
2016-07-11,1 pedestrian,v,40.8240844,-73.8762153
2016-07-12,,c,40.863291107,-73.889806842
2016-07-12,1 pedestrian,v,40.8412740,-73.9176200
2016-07-15,,c,40.682140409,-73.826891092
2016-07-15,,c,40.67013835,-73.908925194
2016-07-15,,c,40.67013835,-73.908925194
2016-07-16,,c,40.815720251,-73.864502585
2016-07-16,1 pedestrian,v,40.6537806,-73.956165
2016-07-17,1 motorist,v,40.6795239,-73.8107589
2016-07-17,21 year old hispanic/latino male - Struck by vehicle,b,40.718402,-73.9567129
2016-07-17,42 year old black male - Gunshot,b,40.7200857,-73.93954959999999
2016-07-17,,c,40.764694063,-73.914348014
2016-07-17,,c,40.651998977,-73.944869621
2016-07-17,1 cyclist,v,40.7127837,-74.0059413
2016-07-18,,c,40.672789843,-73.773651622
2016-07-19,,c,40.819856355,-73.920140835
2016-07-19,,c,40.67500776,-74.006577149
2016-07-20,,c,40.689111202,-73.945058895
2016-07-21,,c,40.839739531,-73.913178032
2016-07-21,,c,40.695140908,-73.975125947
2016-07-22,,c,40.618091468,-74.027852316
2016-07-22,,c,40.750294976,-73.822805246
2016-07-23,,c,40.831578538,-73.927697229
2016-07-23,1 pedestrian,v,40.7127837,-74.0059413
2016-07-25,,c,40.845984791,-73.907462791
2016-07-25,,c,40.870142434,-73.869305409
2016-07-25,,c,40.692389705,-73.793764553
2016-07-25,,c,40.845984791,-73.907462791
2016-07-27,1 pedestrian,v,40.6769299,-73.77535999999999
2016-07-27,,c,40.764463103,-73.831774379
2016-07-28,,c,40.694566924,-73.943244108
2016-07-30,,c,40.681803475,-73.923789039
2016-07-30,,c,40.738838819,-73.926700862
2016-07-31,1 pedestrian,v,40.76026239999999,-73.9890357
2016-08-01,,c,40.736984449,-73.809998125
2016-08-01,2 pedestrians,v,40.67921,-73.9280339
2016-08-02,,c,40.842328579,-73.885739479
2016-08-02,,c,40.68469984,-73.924744826
2016-08-02,,c,40.65381516,-73.853205037
2016-08-03,,c,40.649091472,-73.955776823
2016-08-03,,c,40.836843178,-73.850809958
2016-08-04,,c,40.64173826,-74.075678037
2016-08-04,,c,40.623960368,-73.938282477
2016-08-04,,c,40.668403867,-73.869286157
2016-08-06,1 pedestrian,v,40.8264983,-73.8777344
2016-08-07,1 cyclist,v,40.7100491,-74.007383
2016-08-07,,c,40.674063439,-73.912535702
2016-08-07,,c,40.660436625,-73.939773355
2016-08-08,,c,40.805182009,-73.9186305
2016-08-09,1 pedestrian,v,40.8322387,-73.88099679999999
2016-08-09,1 motorist,v,40.7238035,-73.8366933
2016-08-09,,c,40.869301715,-73.889511247
2016-08-10,,c,40.674993193,-73.915234704
2016-08-11,,c,40.818407371,-73.887507503
2016-08-12,,c,40.690654842,-73.908042562
2016-08-12,1 pedestrian,v,40.6307828,-73.9455011
2016-08-13,,c,40.67941151,-73.858592765
2016-08-13,,c,40.67941151,-73.858592765
2016-08-13,1 pedestrian,v,40.7580867,-73.88202199999999
2016-08-14,1 pedestrian,v,40.70024,-73.753789
2016-08-14,,c,40.819596981,-73.918186548
2016-08-14,,c,40.640790702,-73.932141379
2016-08-14,,c,40.689819067,-73.831612927
2016-08-16,1 pedestrian,v,40.6835022,-73.7691226
2016-08-16,,c,40.659114761,-73.923216654
2016-08-16,,c,40.67459999,-73.930574822
2016-08-17,,c,40.836266064,-73.911328663
2016-08-17,1 pedestrian,v,40.6065244,-74.0811542
2016-08-18,1 cyclist,v,40.6652457,-73.9397949
2016-08-18,1 pedestrian,v,40.7955860,-73.9501650
2016-08-19,,c,40.689567811,-73.832478977
2016-08-19,,c,40.84711223,-73.91747681
2016-08-20,,c,40.819778814,-73.936720733
2016-08-21,1 motorist,v,40.8410515,-73.86442699999999
2016-08-21,,c,40.595792272,-73.984064191
2016-08-22,1 pedestrian,v,40.7142878,-73.994056
2016-08-22,,c,40.629597831,-73.942942693
2016-08-23,1 pedestrian,v,40.5917655,-74.091904
2016-08-23,1 pedestrian,v,40.7872597,-73.9790563
2016-08-24,1 cyclist,v,40.762733,-73.835589
2016-08-27,,v,40.7583563,-73.99037469999999
2016-08-28,,c,40.673341037,-73.932083027
2016-08-28,,c,40.69726035,-73.977462042
2016-08-28,,c,40.643506043,-73.902615955
2016-08-29,1 pedestrian,v,40.7242645,-73.9374387
2016-08-29,,c,40.639163716,-73.994427347
2016-08-29,1 pedestrian,v,40.7649927,-73.9611583
2016-08-30,1 pedestrian,v,40.84784450000001,-73.8601178
2016-08-30,1 pedestrian,v,40.8289769,-73.87640979999999
2016-08-31,1 pedestrian,v,40.7529571,-73.90627309999999
2016-08-31,3 motorists,v,40.7303695,-73.9138714
2016-08-31,,c,40.710739715,-73.803872427
2016-09-01,,c,40.615912856,-73.920737805
2016-09-01,,c,40.674986972,-73.945849231
2016-09-02,1 motorist,v,40.7621739,-73.7567868
2016-09-02,,c,40.628089722,-73.946103435
2016-09-03,,c,40.675646399,-73.927184904
2016-09-03,,c,40.675646399,-73.927184904
2016-09-03,,c,40.70284629,-73.812428901
2016-09-03,,c,40.832941761,-73.935432593
2016-09-04,,c,40.640366106,-73.890520884
2016-09-04,1 motorist,v,40.8259384,-73.8591203
2016-09-05,,c,40.663133397,-73.962432161
2016-09-05,1 cyclist,v,40.7716414,-73.8728386
2016-09-05,,c,40.663341242,-73.96017925
2016-09-05,,c,40.82294535,-73.95198314
2016-09-06,,c,40.673324484,-73.91539184
2016-09-06,,c,40.719840334,-73.962400198
2016-09-06,1 pedestrian,v,40.6130653,-73.9630263
2016-09-07,,c,40.653674996,-73.96278707
2016-09-10,,c,40.675309538,-73.788052771
2016-09-10,,c,40.726529377,-73.734864538
2016-09-11,1 motorist,v,40.6712046,-73.8198261
2016-09-13,1 pedestrian,v,40.8082644,-73.9487541
2016-09-13,,c,40.657743089,-73.909136741
2016-09-13,,c,40.672674098,-73.861689307
2016-09-14,,c,40.848887095,-73.916144462
2016-09-15,"1 pedestrian, Driver Inattention/Distraction",v,40.6020202,-73.9933722
2016-09-17,"1 pedestrian, Backing Unsafely, Backing Unsafely",v,40.7685964,-73.9599964
2016-09-18,24 year old black male - Gunshot,b,40.70251620000001,-73.7916017
2016-09-19,"1 pedestrian, Driver Inattention/Distraction",v,40.6644157,-73.77543279999999
2016-09-19,,c,40.686395734,-73.949095931
2016-09-20,,c,40.830798914,-73.826948796
2016-09-20,,c,40.855961786,-73.839795807
2016-09-21,,c,40.671168243,-73.909688025
2016-09-23,1 pedestrian,v,40.597312,-73.95052969999999
2016-09-23,,c,40.819718657,-73.942389497
2016-09-24,,c,40.693702669,-73.780915483
2016-09-24,"1 pedestrian, Backing Unsafely",v,40.7641402,-73.9866172
2016-09-26,,c,40.820663494,-73.956385411
2016-09-26,,c,40.641068098,-73.962469806
2016-09-27,"1 pedestrian, Pedestrian/Bicyclist/Other Pedestrian Error/Confusion",v,40.6730844,-73.8264069
2016-09-27,,c,40.662518015,-73.927011804
2016-09-27,,c,40.852381909,-73.913515771
2016-09-27,,c,40.732876229,-73.860333942
2016-09-27,,c,40.672585871,-73.873261458
2016-09-28,,c,40.708227855,-73.912862387
2016-09-28,"1 pedestrian, Failure to Yield Right-of-Way",v,40.79878100000001,-73.93794129999999
2016-09-28,,c,40.693140904,-73.945859731
2016-09-29,"1 motorist, Illness",v,40.6813005,-73.95569160000001
2016-09-29,1 pedestrian,v,40.6570780,-73.8891700
2016-09-29,"1 pedestrian, Traffic Control Disregarded",v,40.5918672,-73.7889197
2016-09-29,,c,40.638667594,-74.022463404
2016-09-30,1 pedestrian,v,40.626494,-74.0776115
2016-09-30,,c,40.720450333,-73.97491448
2016-10-01,,c,40.842803108,-73.897076401
2016-10-01,,c,40.842803108,-73.897076401
2016-10-01,,c,40.650957959,-73.955865681
2016-10-02,,c,40.876743654,-73.90622669
2016-10-02,,c,40.568827644,-74.121181494
2016-10-03,,c,40.810524424,-73.938214246
2016-10-03,,c,40.840783858,-73.936252607
2016-10-04,"1 pedestrian, Driver Inattention/Distraction",v,40.8118578,-73.9357651
2016-10-04,"1 pedestrian, Driver Inattention/Distraction",v,40.7199330,-73.9787600
2016-10-05,"1 motorist, Illness",v,40.7447026,-74.0083473
2016-10-05,,c,40.67278405,-73.866472894
2016-10-05,,c,40.68773221,-73.937491478
2016-10-05,1 pedestrian,v,40.6977500,-73.8139300
2016-10-06,,c,40.798285226,-73.962673731
2016-10-06,Worker struck and killed by payloader. - Brinic Corporation,w,40.8071938,-73.1733127
2016-10-07,"1 pedestrian, Driver Inattention/Distraction",v,40.7778604,-73.9457136
2016-10-08,,c,40.838778865,-73.864701374
2016-10-08,,c,40.606351698,-73.941990184
2016-10-08,1 pedestrian,v,40.6266661,-73.94788369999999
2016-10-09,,c,40.903468077,-73.844630036
2016-10-10,"1 motorist, Driver Inattention/Distraction",v,40.6156563,-74.12748719999999
2016-10-10,1 pedestrian,v,40.8251992,-73.9147529
2016-10-11,Worker struck and killed by hook that broke off crawler drill. - NYD&E Group Inc,w,40.6815619,-73.9785952
2016-10-11,Worker killed in fall from roof. - Kreisel Home Improvement Company II Inc,w,42.9297842,-74.1474846
2016-10-13,Worker killed in fall from scaffold. - JDH Industries Inc,w,40.6488134,-73.5535234
2016-10-13,,c,40.693415665,-73.848069308
2016-10-13,,c,40.833424263,-73.900010769
2016-10-13,,c,40.859192159,-73.900676971
2016-10-14,"1 pedestrian, Turning Improperly",v,40.8626793,-73.9090397
2016-10-14,"1 motorist, Illness",v,40.6048516,-74.0255796
2016-10-15,,c,40.841944334,-73.914248556
2016-10-15,"1 pedestrian, Failure to Yield Right-of-Way",v,40.8349097,-73.94501439999999
2016-10-15,"1 motorist, Unsafe Speed",v,40.8638840,-73.9106900
2016-10-16,1 pedestrian,v,40.7627471,-73.8332862
2016-10-17,,c,40.822262072,-73.940537398
2016-10-18,"1 pedestrian, Failure to Yield Right-of-Way, Failure to Yield Right-of-Way",v,40.8363481,-73.8522082
2016-10-18,66 year old black female - Gunshot,b,40.8257052,-73.8559046
2016-10-18,Worker fatally crushed by metal box that fell from forklift. - Fort Miller Fab 3 Corp,w,43.08426240000001,-73.5122928
2016-10-19,Two workers killed and another hospitalized following explosion at asphalt site. - The Gorman Group LLC,w,42.8649909,-73.95949399999999
2016-10-21,"1 pedestrian, Failure to Yield Right-of-Way",v,40.70288010000001,-74.0129695
2016-10-22,"1 pedestrian, Driver Inattention/Distraction",v,40.8240844,-73.8762153
2016-10-22,"1 pedestrian, Passing or Lane Usage Improper",v,40.8240844,-73.8762153
2016-10-22,Worker hooking vehicle to tow truck struck and killed by another vehicle. - Ron's Auto Repair Inc,w,40.9580487,-72.88699299999999
2016-10-23,,c,40.812699137,-73.921619736
2016-10-24,1 pedestrian,v,40.6711960,-73.8429600
2016-10-26,Worker drowned in water channel. - Welkin Mechanical LLC,w,40.5860069,-73.9418603
2016-10-28,"1 pedestrian, View Obstructed/Limited",v,40.7654129,-73.889979
2016-10-29,,c,40.6784693,-73.782447304
2016-10-30,,c,40.697233391,-73.78431906
2016-10-30,,c,40.846278812,-73.89205787
2016-10-30,"1 pedestrian, Failure to Yield Right-of-Way",v,40.7451341,-73.9641462
2016-11-01,,c,40.669372829,-73.920393103
2016-11-01,,c,40.821455962,-73.866203487
2016-11-02,,c,40.819320486,-73.915383261
2016-11-02,49 year old unknown male - Taser,b,40.844379,-73.8346455
2016-11-02,"1 motorist, Unsafe Speed",v,40.882217,-73.85850940000002
2016-11-03,,c,40.829952373,-73.930051383
2016-11-04,Worker drowned after falling into water when scaffold collapsed. - P.S. Bruckel Inc,w,43.4609006,-73.5122928
2016-11-04,"1 pedestrian, Driver Inattention/Distraction",v,40.7441075,-73.904411
2016-11-04,35 year old unknown male - Gunshot,b,40.83295,-73.866547
2016-11-04,,c,40.837129445,-73.867194698
2016-11-05,"1 pedestrian, Pedestrian/Bicyclist/Other Pedestrian Error/Confusion",v,40.7031321,-73.8167895
2016-11-07,,c,40.753532701,-73.994536892
2016-11-07,Worker electrocuted when aerial lift contacted power line. - MEADE ELECTRIC COMPANY,w,42.2184229,-89.1923125
2016-11-07,"1 pedestrian, Driver Inattention/Distraction",v,40.7578775,-73.99132759999999
2016-11-08,,c,40.858948423,-73.922931729
2016-11-08,"1 pedestrian, Pedestrian/Bicyclist/Other Pedestrian Error/Confusion",v,40.7999840,-73.9448550
2016-11-08,"1 pedestrian, Unsafe Speed, Unsafe Speed",v,40.8091050,-73.9229000
2016-11-09,1 pedestrian,v,40.7812025,-73.9797543
2016-11-11,,c,40.66357893,-73.896646458
2016-11-13,"1 pedestrian, Driver Inattention/Distraction",v,41.1115472,-73.85838059999999
2016-11-13,1 pedestrian,v,40.6841470,-73.9229660
2016-11-13,"1 pedestrian, Driver Inattention/Distraction",v,40.740093,-73.702743
2016-11-13,,c,40.759150161,-73.960843907
2016-11-13,,c,40.861894559,-73.85766248
2016-11-14,,c,40.676258774,-73.884041154
2016-11-15,1 pedestrian,v,40.8265230,-73.9311600
2016-11-17,"1 cyclist, 1 motorist, Pedestrian/Bicyclist/Other Pedestrian Error/Confusion",v,41.1115472,-73.85838059999999
2016-11-17,"1 pedestrian, Failure to Yield Right-of-Way",v,40.8985658,-73.84916609999999
2016-11-18,"1 pedestrian, Failure to Yield Right-of-Way",v,40.7751834,-73.9104347
2016-11-19,21 year old black male - Gunshot,b,40.6673224,-73.9059042
2016-11-19,"1 motorist, Failure to Yield Right-of-Way",v,40.5911060,-73.9651300
2016-11-19,1 pedestrian,v,41.1115472,-73.85838059999999
2016-11-20,,c,40.823876276,-73.891862968
2016-11-21,1 pedestrian,v,40.8701903,-73.8855179
2016-11-22,Two workers struck and killed by beam that broke free of crane. - Cranes Express Inc,w,40.7146169,-73.823556
2016-11-22,,c,40.668529332,-73.848497285
2016-11-23,,c,40.824798921,-73.908175151
2016-11-23,,c,40.678435246,-73.927430623
2016-11-24,,c,40.743417442,-73.878467752
2016-11-26,,c,40.621066254,-74.084955452
2016-11-26,,c,40.874180976,-73.833872447
2016-11-27,,c,40.790325047,-73.941710718
2016-11-28,,c,40.823423869,-73.901583061
2016-11-28,Worker killed in fall from tree. - Norse Tree Service,w,40.910762,-73.150672
2016-11-28,,c,40.849776217,-73.937527165
2016-11-30,,c,40.667533427,-73.86424849
2016-11-30,,c,40.69119702,-73.835460637
2016-11-30,,c,40.667862819,-73.905388469
2016-12-01,,c,40.841690923,-73.837040057
2016-12-01,Worker struck and killed by safety block. - MERSEN USA ROCHESTER-NY,w,43.08817,-77.586992
2016-12-01,1 pedestrian,v,40.7085282,-73.9684503
2016-12-03,,c,40.837683801,-73.913256606
2016-12-03,Worker killed in fall from roof. - Shear Contractors,w,42.805173,-73.911721
2016-12-03,"1 motorist, Unsafe Speed",v,40.7288293,-73.8394838
2016-12-04,"1 motorist, Traffic Control Disregarded",v,40.6413960,-73.9890800
2016-12-04,,c,40.626986011,-73.914016783
2016-12-05,1 pedestrian,v,40.7564071,-73.8534802
2016-12-05,,c,40.689141332,-73.820854715
2016-12-06,"1 pedestrian, Driver Inattention/Distraction",v,40.6948430,-73.9524800
2016-12-07,,c,40.638689107,-73.916812154
2016-12-09,1 motorist,v,40.7106276,-73.8518918
2016-12-09,"1 pedestrian, Failure to Yield Right-of-Way",v,40.7577322,-73.9968524
2016-12-09,1 motorist,v,40.6794660,-73.9003700
2016-12-09,,c,40.799086317,-73.947619211
2016-12-11,,c,40.845984791,-73.907462791
2016-12-11,,c,40.669758106,-73.802651938
2016-12-11,,c,40.703807407,-73.952858808
2016-12-13,"1 pedestrian, Pedestrian/Bicyclist/Other Pedestrian Error/Confusion",v,40.7283926,-73.8330138
2016-12-13,,c,40.679066318,-73.915067287
2016-12-13,,c,40.820986429,-73.892228964
2016-12-13,1 pedestrian,v,40.76199700000001,-73.96570659999999
2016-12-14,,c,40.809413199,-73.944367164
2016-12-15,"1 cyclist, Failure to Yield Right-of-Way, Passing or Lane Usage Improper",v,40.7699819,-73.9946460
2016-12-16,"1 pedestrian, Drugs (Illegal)",v,40.8213000,-73.8803300
2016-12-17,,c,40.753874924,-73.98482044
2016-12-18,,c,40.65758692,-73.92905355
2016-12-19,1 pedestrian,v,40.7606871,-73.9364173
2016-12-19,"1 pedestrian, Driver Inattention/Distraction",v,40.6776584,-73.8983609
2016-12-19,,c,40.806617895,-73.936765755
2016-12-19,"1 pedestrian, Driver Inattention/Distraction",v,40.6026880,-73.9335560
2016-12-20,,c,40.83987167,-73.888139806
2016-12-21,,c,40.678029744,-73.963808192
2016-12-23,Worker killed in fall from height while pouring concrete floor. - Highbury Concrete Inc.,w,40.7802086,-73.95465279999999
2016-12-23,Worker struck and killed by box truck. - Superior Vending,w,40.6075791,-73.9339165
2016-12-25,,c,40.646328278,-73.929804249
2016-12-26,,c,40.832111106,-73.948294253
2016-12-26,,c,40.832111106,-73.948294253
2016-12-26,,c,40.624236772,-74.080755533
2016-12-27,"3 motorists, Driver Inattention/Distraction",v,40.8446076,-73.9034715
2016-12-27,1 pedestrian,v,40.7338728,-73.8252576
2016-12-27,1 pedestrian,v,40.8489300,-73.8904650
2016-12-28,1 pedestrian,v,40.7154325,-73.7291727
2016-12-28,"1 pedestrian, Failure to Yield Right-of-Way",v,40.6511400,-73.8900000
2016-12-30,,c,40.837321839,-73.9101166
2016-12-31,,c,40.648265282,-73.955752145
